{
    "loss": 0.6042085289955139,
    "accuracy": 0.9046087861061096
}